id,doi,title,authors_id,keywords,scorings,referenced_works,related_works,cited_by_api_url
https://openalex.org/W2165909549,https://doi.org/10.1093/bib/bbs046,A comprehensive evaluation of normalization methods for Illumina high-throughput RNA sequencing data analysis,"['https://openalex.org/A5078354187', 'https://openalex.org/A5014679436', 'https://openalex.org/A5048149985', 'https://openalex.org/A5090278719', 'https://openalex.org/A5004315548', 'https://openalex.org/A5047327833', 'https://openalex.org/A5056295276', 'https://openalex.org/A5044537062', 'https://openalex.org/A5073066369', 'https://openalex.org/A5018660599', 'https://openalex.org/A5059218890', 'https://openalex.org/A5001676921', 'https://openalex.org/A5006948865', 'https://openalex.org/A5016868874', 'https://openalex.org/A5010350182', 'https://openalex.org/A5047080064', 'https://openalex.org/A5052835091', 'https://openalex.org/A5075313108', 'https://openalex.org/A5061290573']","['Normalization', 'RNA-Seq', 'RNA Integrity', 'sequence alignment', 'Data Analysis']","[0.565347, 0.552805, 0.522487, 0.520423, 0.508669]","['https://openalex.org/W1981509058', 'https://openalex.org/W1984375010', 'https://openalex.org/W1996064069', 'https://openalex.org/W1999574084', 'https://openalex.org/W2000875411', 'https://openalex.org/W2011920499', 'https://openalex.org/W2027455260', 'https://openalex.org/W2067931814', 'https://openalex.org/W2072532688', 'https://openalex.org/W2104503053', 'https://openalex.org/W2120865735', 'https://openalex.org/W2126419817', 'https://openalex.org/W2128985829', 'https://openalex.org/W2133111499', 'https://openalex.org/W2141458291', 'https://openalex.org/W2149517369', 'https://openalex.org/W2154431984', 'https://openalex.org/W2155804510', 'https://openalex.org/W2156841387', 'https://openalex.org/W2157840751', 'https://openalex.org/W2168342464', 'https://openalex.org/W2170219300', 'https://openalex.org/W2417670899', 'https://openalex.org/W3191599952']","['https://openalex.org/W4321441197', 'https://openalex.org/W3011538607', 'https://openalex.org/W2953716828', 'https://openalex.org/W2944728705', 'https://openalex.org/W2904857019', 'https://openalex.org/W2904022177', 'https://openalex.org/W2591697403', 'https://openalex.org/W2359348847', 'https://openalex.org/W2107018762', 'https://openalex.org/W1971332228']",https://api.openalex.org/works?filter=cites:W2165909549
https://openalex.org/W2099259718,https://doi.org/10.1186/gb-2011-12-4-r40,Comparative genome sequence analysis underscores mycoparasitism as the ancestral life style of Trichoderma,"['https://openalex.org/A5073288256', 'https://openalex.org/A5004095859', 'https://openalex.org/A5063438806', 'https://openalex.org/A5022573561', 'https://openalex.org/A5016315977', 'https://openalex.org/A5087466947', 'https://openalex.org/A5090607842', 'https://openalex.org/A5069573964', 'https://openalex.org/A5005500776', 'https://openalex.org/A5013900907', 'https://openalex.org/A5052755067', 'https://openalex.org/A5043110283', 'https://openalex.org/A5062990054', 'https://openalex.org/A5059683077', 'https://openalex.org/A5046414800', 'https://openalex.org/A5044314722', 'https://openalex.org/A5027816203', 'https://openalex.org/A5067393767', 'https://openalex.org/A5056832936', 'https://openalex.org/A5017820460', 'https://openalex.org/A5036660299', 'https://openalex.org/A5026607741', 'https://openalex.org/A5071946077', 'https://openalex.org/A5052208709', 'https://openalex.org/A5018362137', 'https://openalex.org/A5051473196', 'https://openalex.org/A5048131704', 'https://openalex.org/A5082873940', 'https://openalex.org/A5024783360', 'https://openalex.org/A5090554238', 'https://openalex.org/A5009216007', 'https://openalex.org/A5061127602', 'https://openalex.org/A5004446215', 'https://openalex.org/A5089277265', 'https://openalex.org/A5002810039', 'https://openalex.org/A5068778085', 'https://openalex.org/A5052835091', 'https://openalex.org/A5003472099', 'https://openalex.org/A5082832349', 'https://openalex.org/A5074626462', 'https://openalex.org/A5015347619', 'https://openalex.org/A5057025572', 'https://openalex.org/A5048782041', 'https://openalex.org/A5091054085', 'https://openalex.org/A5044873766', 'https://openalex.org/A5071505951', 'https://openalex.org/A5043680660', 'https://openalex.org/A5050783349', 'https://openalex.org/A5003089607', 'https://openalex.org/A5051229050', 'https://openalex.org/A5003978738', 'https://openalex.org/A5070750713', 'https://openalex.org/A5084714834', 'https://openalex.org/A5020305078', 'https://openalex.org/A5007213208', 'https://openalex.org/A5054440982', 'https://openalex.org/A5075216307', 'https://openalex.org/A5007630886', 'https://openalex.org/A5006657942', 'https://openalex.org/A5044666041', 'https://openalex.org/A5078568066', 'https://openalex.org/A5036797784', 'https://openalex.org/A5089883420', 'https://openalex.org/A5007647654']",['Ecosystem Functioning'],[0.479158],"['https://openalex.org/W153898970', 'https://openalex.org/W1545164994', 'https://openalex.org/W1580039457', 'https://openalex.org/W1967131846', 'https://openalex.org/W1970313652', 'https://openalex.org/W1972151888', 'https://openalex.org/W1972697026', 'https://openalex.org/W1982555149', 'https://openalex.org/W1983002447', 'https://openalex.org/W1983982609', 'https://openalex.org/W1985471440', 'https://openalex.org/W1985530443', 'https://openalex.org/W1991103421', 'https://openalex.org/W1998671658', 'https://openalex.org/W2001223373', 'https://openalex.org/W2007101778', 'https://openalex.org/W2008856488', 'https://openalex.org/W2010091762', 'https://openalex.org/W2011140990', 'https://openalex.org/W2011584439', 'https://openalex.org/W2015531008', 'https://openalex.org/W2018590530', 'https://openalex.org/W2022008291', 'https://openalex.org/W2022366078', 'https://openalex.org/W2022414939', 'https://openalex.org/W2025002672', 'https://openalex.org/W2039068501', 'https://openalex.org/W2047751512', 'https://openalex.org/W2052932591', 'https://openalex.org/W2055043387', 'https://openalex.org/W2056638485', 'https://openalex.org/W2070935512', 'https://openalex.org/W2077586102', 'https://openalex.org/W2080184991', 'https://openalex.org/W2080766885', 'https://openalex.org/W2080951000', 'https://openalex.org/W2081223427', 'https://openalex.org/W2083743572', 'https://openalex.org/W2085456089', 'https://openalex.org/W2093862878', 'https://openalex.org/W2095793920', 'https://openalex.org/W2100068323', 'https://openalex.org/W2103017472', 'https://openalex.org/W2104423588', 'https://openalex.org/W2104696612', 'https://openalex.org/W2104863787', 'https://openalex.org/W2107104589', 'https://openalex.org/W2107383419', 'https://openalex.org/W2108576174', 'https://openalex.org/W2108929776', 'https://openalex.org/W2112814753', 'https://openalex.org/W2117928234', 'https://openalex.org/W2117933268', 'https://openalex.org/W2119855892', 'https://openalex.org/W2122954888', 'https://openalex.org/W2124166542', 'https://openalex.org/W2124424782', 'https://openalex.org/W2127400405', 'https://openalex.org/W2128794086', 'https://openalex.org/W2130455596', 'https://openalex.org/W2131255875', 'https://openalex.org/W2131461400', 'https://openalex.org/W2131595436', 'https://openalex.org/W2133173059', 'https://openalex.org/W2140602911', 'https://openalex.org/W2140924671', 'https://openalex.org/W2142237411', 'https://openalex.org/W2145876138', 'https://openalex.org/W2148889490', 'https://openalex.org/W2154570172', 'https://openalex.org/W2154845780', 'https://openalex.org/W2158334329', 'https://openalex.org/W2161408515', 'https://openalex.org/W2161908042', 'https://openalex.org/W2162595238', 'https://openalex.org/W2162800127', 'https://openalex.org/W2163058500', 'https://openalex.org/W2166265186', 'https://openalex.org/W2171418281', 'https://openalex.org/W257703835', 'https://openalex.org/W4241114454', 'https://openalex.org/W4251849943', 'https://openalex.org/W4255002055', 'https://openalex.org/W4255147631', 'https://openalex.org/W45114284']","['https://openalex.org/W4434950', 'https://openalex.org/W4251849943', 'https://openalex.org/W3154396950', 'https://openalex.org/W3022442098', 'https://openalex.org/W2410718251', 'https://openalex.org/W2119824898', 'https://openalex.org/W2086762733', 'https://openalex.org/W2066840972', 'https://openalex.org/W1996800472', 'https://openalex.org/W1512436635']",https://api.openalex.org/works?filter=cites:W2099259718
https://openalex.org/W2163369915,https://doi.org/10.1073/pnas.150241097,Dopamine D <sub>1</sub> and adenosine A <sub>1</sub> receptors form functionally interacting heteromeric complexes,"['https://openalex.org/A5047875107', 'https://openalex.org/A5000891914', 'https://openalex.org/A5084909564', 'https://openalex.org/A5052835091', 'https://openalex.org/A5026462548', 'https://openalex.org/A5037871513', 'https://openalex.org/A5066439088', 'https://openalex.org/A5004592848', 'https://openalex.org/A5049286080', 'https://openalex.org/A5006621617', 'https://openalex.org/A5015170297', 'https://openalex.org/A5058468140', 'https://openalex.org/A5059274908', 'https://openalex.org/A5000524771', 'https://openalex.org/A5048458525', 'https://openalex.org/A5043879414']","['Dopamine', 'Adenosine Receptors']","[0.535338, 0.530268]","['https://openalex.org/W1481198769', 'https://openalex.org/W1528710182', 'https://openalex.org/W1563012002', 'https://openalex.org/W1571586310', 'https://openalex.org/W1654156243', 'https://openalex.org/W1852077611', 'https://openalex.org/W1977233750', 'https://openalex.org/W1979603465', 'https://openalex.org/W1979693948', 'https://openalex.org/W1983420992', 'https://openalex.org/W1988395319', 'https://openalex.org/W1991255999', 'https://openalex.org/W1995651798', 'https://openalex.org/W2004403669', 'https://openalex.org/W2018826751', 'https://openalex.org/W2033099086', 'https://openalex.org/W2034588648', 'https://openalex.org/W2051544414', 'https://openalex.org/W2053650795', 'https://openalex.org/W2056540920', 'https://openalex.org/W2068743427', 'https://openalex.org/W2073345931', 'https://openalex.org/W2079625239', 'https://openalex.org/W2083131272', 'https://openalex.org/W2084240593', 'https://openalex.org/W2095441352', 'https://openalex.org/W2110469184', 'https://openalex.org/W2115077792']","['https://openalex.org/W4320709681', 'https://openalex.org/W4293222293', 'https://openalex.org/W4253268579', 'https://openalex.org/W4225481820', 'https://openalex.org/W3166213278', 'https://openalex.org/W3008563610', 'https://openalex.org/W2969957541', 'https://openalex.org/W2600206140', 'https://openalex.org/W1965946932', 'https://openalex.org/W1909168565']",https://api.openalex.org/works?filter=cites:W2163369915
https://openalex.org/W2129920598,https://doi.org/10.1186/1471-2164-14-121,Comparative transcriptomics reveals different strategies of Trichodermamycoparasitism,"['https://openalex.org/A5044314722', 'https://openalex.org/A5052835091', 'https://openalex.org/A5090554238', 'https://openalex.org/A5036660299', 'https://openalex.org/A5063438806', 'https://openalex.org/A5073288256', 'https://openalex.org/A5016315977']",['Fungal Diversity'],[0.485679],"['https://openalex.org/W1524671351', 'https://openalex.org/W1593086017', 'https://openalex.org/W1773124392', 'https://openalex.org/W1964103764', 'https://openalex.org/W1969536112', 'https://openalex.org/W1973159404', 'https://openalex.org/W1977984938', 'https://openalex.org/W1982037457', 'https://openalex.org/W1984549956', 'https://openalex.org/W1986041043', 'https://openalex.org/W1989640201', 'https://openalex.org/W1994895143', 'https://openalex.org/W2001093560', 'https://openalex.org/W2004008881', 'https://openalex.org/W2005317552', 'https://openalex.org/W2015531008', 'https://openalex.org/W2015851647', 'https://openalex.org/W2019803108', 'https://openalex.org/W2030452223', 'https://openalex.org/W2045415718', 'https://openalex.org/W2045444560', 'https://openalex.org/W2052622825', 'https://openalex.org/W2055203777', 'https://openalex.org/W2060333964', 'https://openalex.org/W2063396371', 'https://openalex.org/W2069700452', 'https://openalex.org/W2070178623', 'https://openalex.org/W2079946292', 'https://openalex.org/W2080692863', 'https://openalex.org/W2081098333', 'https://openalex.org/W2086365508', 'https://openalex.org/W2088282731', 'https://openalex.org/W2091698471', 'https://openalex.org/W2093015396', 'https://openalex.org/W2098509036', 'https://openalex.org/W2099259718', 'https://openalex.org/W2101353193', 'https://openalex.org/W2107104589', 'https://openalex.org/W2107277218', 'https://openalex.org/W2107928785', 'https://openalex.org/W2114967520', 'https://openalex.org/W2118481109', 'https://openalex.org/W2118751052', 'https://openalex.org/W2133173059', 'https://openalex.org/W2134475057', 'https://openalex.org/W2140602911', 'https://openalex.org/W2142905109', 'https://openalex.org/W2148486105', 'https://openalex.org/W2159964551', 'https://openalex.org/W2162595238', 'https://openalex.org/W2164062332', 'https://openalex.org/W2170019188', 'https://openalex.org/W2174906606', 'https://openalex.org/W2192080449', 'https://openalex.org/W2312879319']","['https://openalex.org/W912153026', 'https://openalex.org/W4386165432', 'https://openalex.org/W4378781568', 'https://openalex.org/W2952301795', 'https://openalex.org/W2734405127', 'https://openalex.org/W2316239718', 'https://openalex.org/W2187702322', 'https://openalex.org/W2121655318', 'https://openalex.org/W1986946157', 'https://openalex.org/W1773124392']",https://api.openalex.org/works?filter=cites:W2129920598
https://openalex.org/W2113894722,https://doi.org/10.1371/journal.pone.0002293,Yeast Mitochondrial Biogenesis: A Role for the PUF RNA-Binding Protein Puf3p in mRNA Localization,"['https://openalex.org/A5034838615', 'https://openalex.org/A5043894671', 'https://openalex.org/A5061889162', 'https://openalex.org/A5083286626', 'https://openalex.org/A5052835091', 'https://openalex.org/A5078001342', 'https://openalex.org/A5058335653', 'https://openalex.org/A5062684374', 'https://openalex.org/A5073621053', 'https://openalex.org/A5039431331']","['mRNA modification', 'RNA Phase Transitions', 'RNA methylation']","[0.558751, 0.510571, 0.509419]","['https://openalex.org/W1481707322', 'https://openalex.org/W1524671351', 'https://openalex.org/W1550224385', 'https://openalex.org/W1565363013', 'https://openalex.org/W1974260422', 'https://openalex.org/W1979389283', 'https://openalex.org/W1989321253', 'https://openalex.org/W1998375235', 'https://openalex.org/W2031666563', 'https://openalex.org/W2036378295', 'https://openalex.org/W2036794157', 'https://openalex.org/W2036799174', 'https://openalex.org/W2040108707', 'https://openalex.org/W2042392327', 'https://openalex.org/W2044895959', 'https://openalex.org/W2049402769', 'https://openalex.org/W2056959452', 'https://openalex.org/W2062515127', 'https://openalex.org/W2073424121', 'https://openalex.org/W2099923841', 'https://openalex.org/W2100020152', 'https://openalex.org/W2109415448', 'https://openalex.org/W2121484072', 'https://openalex.org/W2125593267', 'https://openalex.org/W2130816124', 'https://openalex.org/W2131853829', 'https://openalex.org/W2138630554', 'https://openalex.org/W2146837845', 'https://openalex.org/W2158742931', 'https://openalex.org/W2169300762', 'https://openalex.org/W2169460389', 'https://openalex.org/W2171252114', 'https://openalex.org/W4244647820', 'https://openalex.org/W4294107304']","['https://openalex.org/W3210879889', 'https://openalex.org/W3111187817', 'https://openalex.org/W3014992433', 'https://openalex.org/W2884120179', 'https://openalex.org/W2562765186', 'https://openalex.org/W2249641335', 'https://openalex.org/W2237719028', 'https://openalex.org/W2049830784', 'https://openalex.org/W2012648887', 'https://openalex.org/W2003911773']",https://api.openalex.org/works?filter=cites:W2113894722
https://openalex.org/W1989928318,https://doi.org/10.1016/s0248-4900(03)00089-3,Evolution and cell biology of dopamine receptors in vertebrates,"['https://openalex.org/A5079078660', 'https://openalex.org/A5087616319', 'https://openalex.org/A5052835091', 'https://openalex.org/A5063200799', 'https://openalex.org/A5034015492', 'https://openalex.org/A5058468140']","['Cell Signaling', 'Receptor Activation']","[0.518492, 0.518017]","['https://openalex.org/W1481198769', 'https://openalex.org/W1522062003', 'https://openalex.org/W1527823690', 'https://openalex.org/W1537334512', 'https://openalex.org/W1541533178', 'https://openalex.org/W1548069410', 'https://openalex.org/W1554714271', 'https://openalex.org/W1578739860', 'https://openalex.org/W1609084115', 'https://openalex.org/W1612007229', 'https://openalex.org/W1748945120', 'https://openalex.org/W1752169001', 'https://openalex.org/W1803418349', 'https://openalex.org/W1907647691', 'https://openalex.org/W1925492557', 'https://openalex.org/W1945927531', 'https://openalex.org/W1947131268', 'https://openalex.org/W1963796740', 'https://openalex.org/W1964033568', 'https://openalex.org/W1964314898', 'https://openalex.org/W1964503514', 'https://openalex.org/W1966627438', 'https://openalex.org/W1971417227', 'https://openalex.org/W1971583983', 'https://openalex.org/W1974740847', 'https://openalex.org/W1975865697', 'https://openalex.org/W1977394233', 'https://openalex.org/W1978467277', 'https://openalex.org/W1980470416', 'https://openalex.org/W1981460994', 'https://openalex.org/W1985321201', 'https://openalex.org/W1987807082', 'https://openalex.org/W1988395319', 'https://openalex.org/W1990318285', 'https://openalex.org/W1995651798', 'https://openalex.org/W2015636077', 'https://openalex.org/W2018448974', 'https://openalex.org/W2019654400', 'https://openalex.org/W2022151784', 'https://openalex.org/W2024669394', 'https://openalex.org/W2024972735', 'https://openalex.org/W2030905853', 'https://openalex.org/W2033099086', 'https://openalex.org/W2035171463', 'https://openalex.org/W2037851184', 'https://openalex.org/W2038670239', 'https://openalex.org/W2040624241', 'https://openalex.org/W2042334443', 'https://openalex.org/W2044689395', 'https://openalex.org/W2045753423', 'https://openalex.org/W2047110527', 'https://openalex.org/W2047903790', 'https://openalex.org/W2049513959', 'https://openalex.org/W2053007956', 'https://openalex.org/W2057776655', 'https://openalex.org/W2058703825', 'https://openalex.org/W2069203092', 'https://openalex.org/W2073618643', 'https://openalex.org/W2074852535', 'https://openalex.org/W2076976482', 'https://openalex.org/W2079625239', 'https://openalex.org/W2083438995', 'https://openalex.org/W2087881040', 'https://openalex.org/W2091129703', 'https://openalex.org/W2092254235', 'https://openalex.org/W2095441352', 'https://openalex.org/W2107730819', 'https://openalex.org/W2113650146', 'https://openalex.org/W2116390676', 'https://openalex.org/W2119084501', 'https://openalex.org/W2121253004', 'https://openalex.org/W2126269644', 'https://openalex.org/W2129175179', 'https://openalex.org/W2135326004', 'https://openalex.org/W2143020498', 'https://openalex.org/W2153763527', 'https://openalex.org/W2157671351', 'https://openalex.org/W2158883798', 'https://openalex.org/W2161197727', 'https://openalex.org/W2163111199', 'https://openalex.org/W2163369915', 'https://openalex.org/W2163377635', 'https://openalex.org/W2188445006', 'https://openalex.org/W2252845142', 'https://openalex.org/W2261289337', 'https://openalex.org/W2340702450', 'https://openalex.org/W2344421329', 'https://openalex.org/W2409313038', 'https://openalex.org/W2478533970']","['https://openalex.org/W54170951', 'https://openalex.org/W4211034233', 'https://openalex.org/W391119063', 'https://openalex.org/W3023896263', 'https://openalex.org/W2524774341', 'https://openalex.org/W2288370967', 'https://openalex.org/W2045753423', 'https://openalex.org/W2024838393', 'https://openalex.org/W2023905161', 'https://openalex.org/W2002943506']",https://api.openalex.org/works?filter=cites:W1989928318
https://openalex.org/W2127297472,https://doi.org/10.1073/pnas.0905848106,Tracking the roots of cellulase hyperproduction by the fungus <i>Trichoderma reesei</i> using massively parallel DNA sequencing,"['https://openalex.org/A5052835091', 'https://openalex.org/A5053643030', 'https://openalex.org/A5074833269', 'https://openalex.org/A5062513427', 'https://openalex.org/A5016571084', 'https://openalex.org/A5042581605', 'https://openalex.org/A5070790827', 'https://openalex.org/A5016315977', 'https://openalex.org/A5006817323', 'https://openalex.org/A5067258338', 'https://openalex.org/A5070750713', 'https://openalex.org/A5009359178', 'https://openalex.org/A5029304136', 'https://openalex.org/A5080477139', 'https://openalex.org/A5073288256', 'https://openalex.org/A5089883420', 'https://openalex.org/A5057025572']",['Biofuel Production'],[0.478722],"['https://openalex.org/W115123004', 'https://openalex.org/W1482045706', 'https://openalex.org/W1536070820', 'https://openalex.org/W1972029047', 'https://openalex.org/W1972241694', 'https://openalex.org/W1976421712', 'https://openalex.org/W1994731715', 'https://openalex.org/W2004482632', 'https://openalex.org/W2008423767', 'https://openalex.org/W2021738810', 'https://openalex.org/W2025526564', 'https://openalex.org/W2035053166', 'https://openalex.org/W2039105266', 'https://openalex.org/W2043110923', 'https://openalex.org/W2046808586', 'https://openalex.org/W2052525705', 'https://openalex.org/W2052622825', 'https://openalex.org/W2059777576', 'https://openalex.org/W2067944779', 'https://openalex.org/W2074258488', 'https://openalex.org/W2075968180', 'https://openalex.org/W2076687620', 'https://openalex.org/W2077005247', 'https://openalex.org/W2080478696', 'https://openalex.org/W2090341987', 'https://openalex.org/W2091141707', 'https://openalex.org/W2093476095', 'https://openalex.org/W2108442683', 'https://openalex.org/W2110261784', 'https://openalex.org/W2112113834', 'https://openalex.org/W2115960756', 'https://openalex.org/W2148237482', 'https://openalex.org/W2161952498', 'https://openalex.org/W2162595238', 'https://openalex.org/W2166353202', 'https://openalex.org/W2183060775', 'https://openalex.org/W2419492482']","['https://openalex.org/W2969242412', 'https://openalex.org/W2938363981', 'https://openalex.org/W2913228488', 'https://openalex.org/W2499245761', 'https://openalex.org/W2498987566', 'https://openalex.org/W2066840972', 'https://openalex.org/W1996800472', 'https://openalex.org/W198239722', 'https://openalex.org/W1979162867', 'https://openalex.org/W1965847372']",https://api.openalex.org/works?filter=cites:W2127297472
https://openalex.org/W2125137884,https://doi.org/10.1186/1471-2164-12-269,The CRE1 carbon catabolite repressor of the fungus Trichoderma reesei: a master regulator of carbon assimilation,"['https://openalex.org/A5027177718', 'https://openalex.org/A5057025572', 'https://openalex.org/A5067943310', 'https://openalex.org/A5044314722', 'https://openalex.org/A5051473196', 'https://openalex.org/A5080796996', 'https://openalex.org/A5076852031', 'https://openalex.org/A5002810039', 'https://openalex.org/A5016315977', 'https://openalex.org/A5070750713', 'https://openalex.org/A5052835091', 'https://openalex.org/A5073288256']",['Metabolic Regulation'],[0.45416],"['https://openalex.org/W113221882', 'https://openalex.org/W1515246808', 'https://openalex.org/W1524671351', 'https://openalex.org/W1560089133', 'https://openalex.org/W1942410765', 'https://openalex.org/W1964903564', 'https://openalex.org/W1967316796', 'https://openalex.org/W1973159404', 'https://openalex.org/W1979259290', 'https://openalex.org/W1997090665', 'https://openalex.org/W1998313824', 'https://openalex.org/W2003698297', 'https://openalex.org/W2004595470', 'https://openalex.org/W2036347338', 'https://openalex.org/W2036449301', 'https://openalex.org/W2038683612', 'https://openalex.org/W2042230847', 'https://openalex.org/W2047195096', 'https://openalex.org/W2050014784', 'https://openalex.org/W2054715340', 'https://openalex.org/W2062983176', 'https://openalex.org/W2063833575', 'https://openalex.org/W2067423853', 'https://openalex.org/W2075680797', 'https://openalex.org/W2076441495', 'https://openalex.org/W2078806355', 'https://openalex.org/W2081098333', 'https://openalex.org/W2082324597', 'https://openalex.org/W2085798272', 'https://openalex.org/W2085836956', 'https://openalex.org/W2088804851', 'https://openalex.org/W2093476095', 'https://openalex.org/W2095151352', 'https://openalex.org/W2099249565', 'https://openalex.org/W2107396561', 'https://openalex.org/W2112520907', 'https://openalex.org/W2126824096', 'https://openalex.org/W2136292095', 'https://openalex.org/W2136464092', 'https://openalex.org/W2138025883', 'https://openalex.org/W214054806', 'https://openalex.org/W2140818196', 'https://openalex.org/W2144783577', 'https://openalex.org/W2146769694', 'https://openalex.org/W2150344886', 'https://openalex.org/W2162595238', 'https://openalex.org/W2168679632', 'https://openalex.org/W2169875902', 'https://openalex.org/W2171858051', 'https://openalex.org/W2185592841', 'https://openalex.org/W2256925405', 'https://openalex.org/W2611831635', 'https://openalex.org/W341913453', 'https://openalex.org/W4239029175', 'https://openalex.org/W4242460404', 'https://openalex.org/W45534775', 'https://openalex.org/W75044482']","['https://openalex.org/W4394443643', 'https://openalex.org/W4394168708', 'https://openalex.org/W4251849943', 'https://openalex.org/W4233579411', 'https://openalex.org/W2889547814', 'https://openalex.org/W2119824898', 'https://openalex.org/W2114817244', 'https://openalex.org/W2066840972', 'https://openalex.org/W2055198200', 'https://openalex.org/W1996800472']",https://api.openalex.org/works?filter=cites:W2125137884
https://openalex.org/W2154462802,https://doi.org/10.1093/bioinformatics/bts165,Eoulsan: a cloud computing-based framework facilitating high throughput sequencing analyses,"['https://openalex.org/A5083286626', 'https://openalex.org/A5067066374', 'https://openalex.org/A5078354187', 'https://openalex.org/A5052835091']",['Clustering'],[0.54156],"['https://openalex.org/W1990073900', 'https://openalex.org/W2011411346', 'https://openalex.org/W2096441981', 'https://openalex.org/W2097341408', 'https://openalex.org/W2103441770', 'https://openalex.org/W2109701112', 'https://openalex.org/W2114104545', 'https://openalex.org/W2119180969', 'https://openalex.org/W2121762798', 'https://openalex.org/W2124985265', 'https://openalex.org/W2152239989']","['https://openalex.org/W4384009753', 'https://openalex.org/W4286531993', 'https://openalex.org/W4285209474', 'https://openalex.org/W4247858078', 'https://openalex.org/W2964820744', 'https://openalex.org/W2791776396', 'https://openalex.org/W2546377002', 'https://openalex.org/W22571951', 'https://openalex.org/W2046541848', 'https://openalex.org/W2036021480']",https://api.openalex.org/works?filter=cites:W2154462802
https://openalex.org/W2597423760,https://doi.org/10.1038/celldisc.2017.5,Translation in astrocyte distal processes sets molecular heterogeneity at the gliovascular interface,"['https://openalex.org/A5010632648', 'https://openalex.org/A5020813130', 'https://openalex.org/A5077433632', 'https://openalex.org/A5009541041', 'https://openalex.org/A5078505214', 'https://openalex.org/A5076426659', 'https://openalex.org/A5035393606', 'https://openalex.org/A5030858835', 'https://openalex.org/A5004177638', 'https://openalex.org/A5078683978', 'https://openalex.org/A5055288792', 'https://openalex.org/A5019796877', 'https://openalex.org/A5052835091', 'https://openalex.org/A5064234141', 'https://openalex.org/A5089010178', 'https://openalex.org/A5082432867', 'https://openalex.org/A5036923699', 'https://openalex.org/A5015682890']",['Astrocyte Interactions'],[0.535648],"['https://openalex.org/W106908657', 'https://openalex.org/W1506045573', 'https://openalex.org/W1514296939', 'https://openalex.org/W1533562283', 'https://openalex.org/W1535419310', 'https://openalex.org/W1718147747', 'https://openalex.org/W1943381782', 'https://openalex.org/W1953598538', 'https://openalex.org/W1966390366', 'https://openalex.org/W1968035033', 'https://openalex.org/W1970215478', 'https://openalex.org/W1977752615', 'https://openalex.org/W1980639114', 'https://openalex.org/W1981972190', 'https://openalex.org/W1983612345', 'https://openalex.org/W1985511908', 'https://openalex.org/W1986646069', 'https://openalex.org/W1993981485', 'https://openalex.org/W2004751985', 'https://openalex.org/W2007179789', 'https://openalex.org/W2015065886', 'https://openalex.org/W2016357728', 'https://openalex.org/W2029101220', 'https://openalex.org/W2032706705', 'https://openalex.org/W2035334102', 'https://openalex.org/W2039857463', 'https://openalex.org/W2042681276', 'https://openalex.org/W2049584237', 'https://openalex.org/W2054275187', 'https://openalex.org/W2059149362', 'https://openalex.org/W2061481326', 'https://openalex.org/W2061668238', 'https://openalex.org/W2065372694', 'https://openalex.org/W2066181461', 'https://openalex.org/W2067132969', 'https://openalex.org/W2069498125', 'https://openalex.org/W2073396144', 'https://openalex.org/W2084566588', 'https://openalex.org/W2086209077', 'https://openalex.org/W2096230518', 'https://openalex.org/W2104281661', 'https://openalex.org/W2108234281', 'https://openalex.org/W2109770177', 'https://openalex.org/W2110280725', 'https://openalex.org/W2112339527', 'https://openalex.org/W2113917007', 'https://openalex.org/W2115155255', 'https://openalex.org/W2117704273', 'https://openalex.org/W2120949999', 'https://openalex.org/W2124985265', 'https://openalex.org/W2130410032', 'https://openalex.org/W2133204617', 'https://openalex.org/W2134526812', 'https://openalex.org/W2139189662', 'https://openalex.org/W2146627025', 'https://openalex.org/W2146976930', 'https://openalex.org/W2148048620', 'https://openalex.org/W2150626351', 'https://openalex.org/W2151417687', 'https://openalex.org/W2154462802', 'https://openalex.org/W2154923417', 'https://openalex.org/W2156298828', 'https://openalex.org/W2159821105', 'https://openalex.org/W2162770409', 'https://openalex.org/W2171457920', 'https://openalex.org/W2179438025', 'https://openalex.org/W2181248553', 'https://openalex.org/W2191890816', 'https://openalex.org/W2311854048', 'https://openalex.org/W27796146', 'https://openalex.org/W869026533']","['https://openalex.org/W4390116023', 'https://openalex.org/W4285022297', 'https://openalex.org/W4223495245', 'https://openalex.org/W2922710137', 'https://openalex.org/W2284538027', 'https://openalex.org/W2090970493', 'https://openalex.org/W2076503648', 'https://openalex.org/W2026577098', 'https://openalex.org/W1984689716', 'https://openalex.org/W1541959720']",https://api.openalex.org/works?filter=cites:W2597423760
https://openalex.org/W2127161084,https://doi.org/10.1128/ec.00208-10,"Differential Regulation of the Cellulase Transcription Factors XYR1, ACE2, and ACE1 in Trichoderma reesei Strains Producing High and Low Levels of Cellulase","['https://openalex.org/A5027177718', 'https://openalex.org/A5057025572', 'https://openalex.org/A5063438806', 'https://openalex.org/A5052835091', 'https://openalex.org/A5004008164', 'https://openalex.org/A5067943310', 'https://openalex.org/A5070750713', 'https://openalex.org/A5073288256']",['Cellulase Enzymes'],[0.552394],"['https://openalex.org/W115123004', 'https://openalex.org/W1490966811', 'https://openalex.org/W1514637879', 'https://openalex.org/W1968468250', 'https://openalex.org/W1976421712', 'https://openalex.org/W1993248690', 'https://openalex.org/W1999634015', 'https://openalex.org/W2000847240', 'https://openalex.org/W2005095483', 'https://openalex.org/W2009263472', 'https://openalex.org/W2023084858', 'https://openalex.org/W2023767092', 'https://openalex.org/W2032266529', 'https://openalex.org/W2033777731', 'https://openalex.org/W2035053166', 'https://openalex.org/W2046808586', 'https://openalex.org/W2047999975', 'https://openalex.org/W2054715340', 'https://openalex.org/W2060081344', 'https://openalex.org/W2064713599', 'https://openalex.org/W2082324597', 'https://openalex.org/W2082591769', 'https://openalex.org/W2090533882', 'https://openalex.org/W2095151352', 'https://openalex.org/W2095300055', 'https://openalex.org/W2102460862', 'https://openalex.org/W2107396561', 'https://openalex.org/W2113803821', 'https://openalex.org/W2118481109', 'https://openalex.org/W2121777891', 'https://openalex.org/W2125800765', 'https://openalex.org/W2127297472', 'https://openalex.org/W2127500237', 'https://openalex.org/W2127669786', 'https://openalex.org/W2130695937', 'https://openalex.org/W2136464092', 'https://openalex.org/W2141901540', 'https://openalex.org/W2157844340', 'https://openalex.org/W2161952498', 'https://openalex.org/W2162595238', 'https://openalex.org/W2772718696']","['https://openalex.org/W2969242412', 'https://openalex.org/W2938363981', 'https://openalex.org/W2913228488', 'https://openalex.org/W2499245761', 'https://openalex.org/W2498987566', 'https://openalex.org/W2062659706', 'https://openalex.org/W2028409276', 'https://openalex.org/W198239722', 'https://openalex.org/W1979162867', 'https://openalex.org/W1965847372']",https://api.openalex.org/works?filter=cites:W2127161084
https://openalex.org/W3080577143,https://doi.org/10.1016/j.celrep.2020.108076,Local Translation in Perisynaptic Astrocytic Processes Is Specific and Changes after Fear Conditioning,"['https://openalex.org/A5078505214', 'https://openalex.org/A5003700862', 'https://openalex.org/A5001010969', 'https://openalex.org/A5038098124', 'https://openalex.org/A5037235726', 'https://openalex.org/A5083181208', 'https://openalex.org/A5025067741', 'https://openalex.org/A5060732047', 'https://openalex.org/A5010632648', 'https://openalex.org/A5004177638', 'https://openalex.org/A5083286626', 'https://openalex.org/A5052835091', 'https://openalex.org/A5033299269', 'https://openalex.org/A5015682890']",['MicroRNA Processing'],[0.501622],"['https://openalex.org/W1501699380', 'https://openalex.org/W1506045573', 'https://openalex.org/W1533562283', 'https://openalex.org/W1549076646', 'https://openalex.org/W1703928766', 'https://openalex.org/W1951581594', 'https://openalex.org/W1967946964', 'https://openalex.org/W1969983616', 'https://openalex.org/W1970215478', 'https://openalex.org/W1977002167', 'https://openalex.org/W1979496428', 'https://openalex.org/W1981546185', 'https://openalex.org/W1982952381', 'https://openalex.org/W1983823915', 'https://openalex.org/W1985511908', 'https://openalex.org/W1990477912', 'https://openalex.org/W1990978305', 'https://openalex.org/W1993719074', 'https://openalex.org/W1993981485', 'https://openalex.org/W1994610525', 'https://openalex.org/W1995316524', 'https://openalex.org/W2005864274', 'https://openalex.org/W2007764163', 'https://openalex.org/W2022600265', 'https://openalex.org/W2023057825', 'https://openalex.org/W2036379239', 'https://openalex.org/W2040148851', 'https://openalex.org/W2043056560', 'https://openalex.org/W2048173148', 'https://openalex.org/W2054275187', 'https://openalex.org/W2054855377', 'https://openalex.org/W2072222440', 'https://openalex.org/W2073396144', 'https://openalex.org/W2080252952', 'https://openalex.org/W2082393609', 'https://openalex.org/W2088269525', 'https://openalex.org/W2089626913', 'https://openalex.org/W2091778411', 'https://openalex.org/W2099222699', 'https://openalex.org/W2108234281', 'https://openalex.org/W2110280725', 'https://openalex.org/W2111353279', 'https://openalex.org/W2113755074', 'https://openalex.org/W2114388218', 'https://openalex.org/W2116984025', 'https://openalex.org/W2120949999', 'https://openalex.org/W2129567809', 'https://openalex.org/W2130410032', 'https://openalex.org/W2134526812', 'https://openalex.org/W2135039550', 'https://openalex.org/W2139189662', 'https://openalex.org/W2146627025', 'https://openalex.org/W2148400099', 'https://openalex.org/W2150626351', 'https://openalex.org/W2154462802', 'https://openalex.org/W2154923417', 'https://openalex.org/W2158211937', 'https://openalex.org/W2164938428', 'https://openalex.org/W2165302236', 'https://openalex.org/W2166364179', 'https://openalex.org/W2167904957', 'https://openalex.org/W2169284406', 'https://openalex.org/W2169456326', 'https://openalex.org/W2179438025', 'https://openalex.org/W2179495678', 'https://openalex.org/W2196543397', 'https://openalex.org/W2276044357', 'https://openalex.org/W2343724650', 'https://openalex.org/W2518527823', 'https://openalex.org/W2532659719', 'https://openalex.org/W2558474650', 'https://openalex.org/W2564855721', 'https://openalex.org/W2588345357', 'https://openalex.org/W2597423760', 'https://openalex.org/W2607357221', 'https://openalex.org/W2665949015', 'https://openalex.org/W2735850153', 'https://openalex.org/W2759050422', 'https://openalex.org/W2759821008', 'https://openalex.org/W2765155499', 'https://openalex.org/W2771936392', 'https://openalex.org/W2782880440', 'https://openalex.org/W2790139801', 'https://openalex.org/W2797304227', 'https://openalex.org/W2804560798', 'https://openalex.org/W2807325071', 'https://openalex.org/W2900410080', 'https://openalex.org/W2909787949', 'https://openalex.org/W2911011469', 'https://openalex.org/W2940824559', 'https://openalex.org/W2945232783', 'https://openalex.org/W2951270532', 'https://openalex.org/W2953683903', 'https://openalex.org/W2970918819', 'https://openalex.org/W2995312562', 'https://openalex.org/W3007259126', 'https://openalex.org/W869026533']","['https://openalex.org/W2416435078', 'https://openalex.org/W2164214501', 'https://openalex.org/W2159081351', 'https://openalex.org/W2095759257', 'https://openalex.org/W2030374460', 'https://openalex.org/W2021902173', 'https://openalex.org/W1991037498', 'https://openalex.org/W1985933912', 'https://openalex.org/W1634314480', 'https://openalex.org/W1521128571']",https://api.openalex.org/works?filter=cites:W3080577143
https://openalex.org/W2150910409,https://doi.org/10.1091/mbc.e01-12-0149,Ammonia Pulses and Metabolic Oscillations Guide Yeast Colony Development,"['https://openalex.org/A5070832697', 'https://openalex.org/A5062684374', 'https://openalex.org/A5028515899', 'https://openalex.org/A5090538597', 'https://openalex.org/A5052835091', 'https://openalex.org/A5073621053']",['Yeast'],[0.487506],"['https://openalex.org/W1599462883', 'https://openalex.org/W1631944702', 'https://openalex.org/W1755414476', 'https://openalex.org/W1792278756', 'https://openalex.org/W1820624545', 'https://openalex.org/W1833006673', 'https://openalex.org/W1910142428', 'https://openalex.org/W2003107423', 'https://openalex.org/W2006868369', 'https://openalex.org/W2013829613', 'https://openalex.org/W2032674459', 'https://openalex.org/W2036237983', 'https://openalex.org/W2044131981', 'https://openalex.org/W2048384173', 'https://openalex.org/W2072152345', 'https://openalex.org/W2081118837', 'https://openalex.org/W2091117537', 'https://openalex.org/W2101447091', 'https://openalex.org/W2114721511', 'https://openalex.org/W2121103116', 'https://openalex.org/W2121745699', 'https://openalex.org/W2126944598', 'https://openalex.org/W2127754721', 'https://openalex.org/W2131603432', 'https://openalex.org/W2134543018', 'https://openalex.org/W2134555745', 'https://openalex.org/W2137683543', 'https://openalex.org/W2137990078', 'https://openalex.org/W2150926065', 'https://openalex.org/W2169266028']","['https://openalex.org/W3000690042', 'https://openalex.org/W2898957604', 'https://openalex.org/W2893110889', 'https://openalex.org/W2848846287', 'https://openalex.org/W2793751246', 'https://openalex.org/W2172059428', 'https://openalex.org/W2105986482', 'https://openalex.org/W2063725418', 'https://openalex.org/W2010102645', 'https://openalex.org/W136803458']",https://api.openalex.org/works?filter=cites:W2150910409
https://openalex.org/W1964638276,https://doi.org/10.1371/journal.pone.0007458,Genome-Wide Transcriptome Analyses of Silicon Metabolism in Phaeodactylum tricornutum Reveal the Multilevel Regulation of Silicic Acid Transporters,"['https://openalex.org/A5010723725', 'https://openalex.org/A5055343031', 'https://openalex.org/A5046270365', 'https://openalex.org/A5083286626', 'https://openalex.org/A5058335653', 'https://openalex.org/A5062606338', 'https://openalex.org/A5052835091', 'https://openalex.org/A5057010755']",['Diatom Biomineralization'],[0.553369],"['https://openalex.org/W1524671351', 'https://openalex.org/W1838142070', 'https://openalex.org/W1964989229', 'https://openalex.org/W1967710441', 'https://openalex.org/W1973341903', 'https://openalex.org/W1987199694', 'https://openalex.org/W1989461459', 'https://openalex.org/W2000595159', 'https://openalex.org/W2002624457', 'https://openalex.org/W2003062832', 'https://openalex.org/W2003838868', 'https://openalex.org/W2008368857', 'https://openalex.org/W2010334854', 'https://openalex.org/W2013079196', 'https://openalex.org/W2013797892', 'https://openalex.org/W2013886782', 'https://openalex.org/W2017025612', 'https://openalex.org/W2019591778', 'https://openalex.org/W2027818915', 'https://openalex.org/W2027921745', 'https://openalex.org/W2029627734', 'https://openalex.org/W2032540579', 'https://openalex.org/W2034537848', 'https://openalex.org/W2037045595', 'https://openalex.org/W2038529544', 'https://openalex.org/W2039475462', 'https://openalex.org/W2041885277', 'https://openalex.org/W2042121566', 'https://openalex.org/W2044360478', 'https://openalex.org/W2044907855', 'https://openalex.org/W2048445840', 'https://openalex.org/W2050907263', 'https://openalex.org/W2055353402', 'https://openalex.org/W2055387532', 'https://openalex.org/W2063882860', 'https://openalex.org/W2071642409', 'https://openalex.org/W2082943500', 'https://openalex.org/W2083129881', 'https://openalex.org/W2086484372', 'https://openalex.org/W2089206816', 'https://openalex.org/W2089394035', 'https://openalex.org/W2091579844', 'https://openalex.org/W2094363504', 'https://openalex.org/W2106874495', 'https://openalex.org/W2117555911', 'https://openalex.org/W2120453532', 'https://openalex.org/W2144368480', 'https://openalex.org/W2145573696', 'https://openalex.org/W2154406573', 'https://openalex.org/W2158863276', 'https://openalex.org/W2159397144', 'https://openalex.org/W2160071163', 'https://openalex.org/W2164154943', 'https://openalex.org/W2169287053', 'https://openalex.org/W2326821378', 'https://openalex.org/W4229539731', 'https://openalex.org/W4237069704', 'https://openalex.org/W4237535009', 'https://openalex.org/W4294107304', 'https://openalex.org/W4362025018']","['https://openalex.org/W4232213690', 'https://openalex.org/W2810855900', 'https://openalex.org/W2325150644', 'https://openalex.org/W2124482947', 'https://openalex.org/W2108927741', 'https://openalex.org/W2060102197', 'https://openalex.org/W2016226270', 'https://openalex.org/W2000485683', 'https://openalex.org/W1993095396', 'https://openalex.org/W1989290375']",https://api.openalex.org/works?filter=cites:W1964638276
https://openalex.org/W4243482726,https://doi.org/10.1007/978-1-59745-531-2,Introduction to Systems Biology,"['https://openalex.org/A5020674417', 'https://openalex.org/A5061224833', 'https://openalex.org/A9999999999', 'https://openalex.org/A5062359162', 'https://openalex.org/A5078717142', 'https://openalex.org/A5022608786', 'https://openalex.org/A9999999999', 'https://openalex.org/A5076016736', 'https://openalex.org/A9999999999', 'https://openalex.org/A9999999999', 'https://openalex.org/A9999999999', 'https://openalex.org/A9999999999', 'https://openalex.org/A9999999999', 'https://openalex.org/A9999999999', 'https://openalex.org/A5015869115', 'https://openalex.org/A9999999999', 'https://openalex.org/A9999999999', 'https://openalex.org/A9999999999', 'https://openalex.org/A5050676189', 'https://openalex.org/A9999999999', 'https://openalex.org/A5032097008', 'https://openalex.org/A5054779878', 'https://openalex.org/A9999999999', 'https://openalex.org/A9999999999', 'https://openalex.org/A9999999999', 'https://openalex.org/A9999999999', 'https://openalex.org/A5073268875', 'https://openalex.org/A9999999999', 'https://openalex.org/A9999999999', 'https://openalex.org/A9999999999', 'https://openalex.org/A5021607152', 'https://openalex.org/A5086835862', 'https://openalex.org/A9999999999', 'https://openalex.org/A9999999999', 'https://openalex.org/A9999999999', 'https://openalex.org/A9999999999', 'https://openalex.org/A5052835091', 'https://openalex.org/A9999999999', 'https://openalex.org/A9999999999', 'https://openalex.org/A9999999999', 'https://openalex.org/A9999999999', 'https://openalex.org/A5032063282', 'https://openalex.org/A9999999999', 'https://openalex.org/A9999999999', 'https://openalex.org/A9999999999', 'https://openalex.org/A5008849244', 'https://openalex.org/A9999999999', 'https://openalex.org/A5064880945', 'https://openalex.org/A9999999999', 'https://openalex.org/A9999999999', 'https://openalex.org/A5016635494', 'https://openalex.org/A5015467870', 'https://openalex.org/A9999999999', 'https://openalex.org/A9999999999', 'https://openalex.org/A9999999999', 'https://openalex.org/A5030556471', 'https://openalex.org/A9999999999', 'https://openalex.org/A5066552315', 'https://openalex.org/A5034588960', 'https://openalex.org/A9999999999', 'https://openalex.org/A5011319256', 'https://openalex.org/A9999999999', 'https://openalex.org/A5074905519', 'https://openalex.org/A9999999999', 'https://openalex.org/A9999999999', 'https://openalex.org/A9999999999', 'https://openalex.org/A5045105316', 'https://openalex.org/A9999999999']","['Systems Biology', 'Synthetic Biology', 'Biochemical Modeling', 'Single-Cell Analysis', 'Network Inference']","[0.849917, 0.614207, 0.584086, 0.574613, 0.550314]","['https://openalex.org/W122641628', 'https://openalex.org/W1509727962', 'https://openalex.org/W159239053', 'https://openalex.org/W1645209582', 'https://openalex.org/W16903346', 'https://openalex.org/W174573575', 'https://openalex.org/W174753738', 'https://openalex.org/W179396111', 'https://openalex.org/W1880779902', 'https://openalex.org/W1882006388', 'https://openalex.org/W2108074652', 'https://openalex.org/W2165649971', 'https://openalex.org/W22305153', 'https://openalex.org/W2280787765', 'https://openalex.org/W64268597', 'https://openalex.org/W94702728', 'https://openalex.org/W980071643']","['https://openalex.org/W2788277189', 'https://openalex.org/W2748952813', 'https://openalex.org/W2151865869', 'https://openalex.org/W2130076355', 'https://openalex.org/W2119695867', 'https://openalex.org/W2082860237', 'https://openalex.org/W2046158694', 'https://openalex.org/W2013243191', 'https://openalex.org/W1993764875', 'https://openalex.org/W1990804418']",https://api.openalex.org/works?filter=cites:W4243482726
https://openalex.org/W2141693487,https://doi.org/10.1101/gad.366906,Role of heat-shock factor 2 in cerebral cortex formation and as a regulatorof p35 expression,"['https://openalex.org/A5060108689', 'https://openalex.org/A5073812413', 'https://openalex.org/A5069800184', 'https://openalex.org/A5034444016', 'https://openalex.org/A5020174682', 'https://openalex.org/A5041348724', 'https://openalex.org/A5057070305', 'https://openalex.org/A5029784657', 'https://openalex.org/A5052835091', 'https://openalex.org/A5058493371', 'https://openalex.org/A5007027974', 'https://openalex.org/A5024658242']",['Heat Shock Proteins'],[0.496116],"['https://openalex.org/W1490481380', 'https://openalex.org/W1503126591', 'https://openalex.org/W1542932778', 'https://openalex.org/W1562466038', 'https://openalex.org/W1830116125', 'https://openalex.org/W1914313496', 'https://openalex.org/W1950962942', 'https://openalex.org/W1951729607', 'https://openalex.org/W1964790765', 'https://openalex.org/W1966161684', 'https://openalex.org/W1969298311', 'https://openalex.org/W1975933612', 'https://openalex.org/W1976832203', 'https://openalex.org/W1981164058', 'https://openalex.org/W1981501274', 'https://openalex.org/W1981536428', 'https://openalex.org/W1981941572', 'https://openalex.org/W1985549353', 'https://openalex.org/W1992021393', 'https://openalex.org/W1995278409', 'https://openalex.org/W2000286622', 'https://openalex.org/W2006609702', 'https://openalex.org/W2008536823', 'https://openalex.org/W2009204794', 'https://openalex.org/W2009321316', 'https://openalex.org/W2011034665', 'https://openalex.org/W2013683245', 'https://openalex.org/W2015640955', 'https://openalex.org/W2021958350', 'https://openalex.org/W2023564280', 'https://openalex.org/W2025625968', 'https://openalex.org/W2031793125', 'https://openalex.org/W2032840272', 'https://openalex.org/W2034552330', 'https://openalex.org/W2038901745', 'https://openalex.org/W2040078621', 'https://openalex.org/W2044713446', 'https://openalex.org/W2047333140', 'https://openalex.org/W2051067435', 'https://openalex.org/W2051819610', 'https://openalex.org/W2062755005', 'https://openalex.org/W2067551890', 'https://openalex.org/W2068073076', 'https://openalex.org/W2071266234', 'https://openalex.org/W2077514227', 'https://openalex.org/W2080893376', 'https://openalex.org/W2082376889', 'https://openalex.org/W2089742961', 'https://openalex.org/W2089828884', 'https://openalex.org/W2090174984', 'https://openalex.org/W2101911420', 'https://openalex.org/W2108884195', 'https://openalex.org/W2112437192', 'https://openalex.org/W2114346327', 'https://openalex.org/W2128500531', 'https://openalex.org/W2129091231', 'https://openalex.org/W2147131744', 'https://openalex.org/W2147187641', 'https://openalex.org/W2150990088', 'https://openalex.org/W2157524927', 'https://openalex.org/W2162321314', 'https://openalex.org/W2201709033', 'https://openalex.org/W32449160', 'https://openalex.org/W4238414150', 'https://openalex.org/W4238580883', 'https://openalex.org/W4241638964', 'https://openalex.org/W4251310790', 'https://openalex.org/W4256485162']","['https://openalex.org/W4294817597', 'https://openalex.org/W4211204068', 'https://openalex.org/W2442525764', 'https://openalex.org/W2153095628', 'https://openalex.org/W2129451594', 'https://openalex.org/W2128500531', 'https://openalex.org/W2063484221', 'https://openalex.org/W2011034665', 'https://openalex.org/W1915931328', 'https://openalex.org/W102220584']",https://api.openalex.org/works?filter=cites:W2141693487
https://openalex.org/W2050728650,https://doi.org/10.1038/ncomms3091,Insights into the role of DNA methylation in diatoms by genome-wide profiling in Phaeodactylum tricornutum,"['https://openalex.org/A5081160404', 'https://openalex.org/A5091038325', 'https://openalex.org/A5086631884', 'https://openalex.org/A5023333423', 'https://openalex.org/A5066150572', 'https://openalex.org/A5011470254', 'https://openalex.org/A5070331740', 'https://openalex.org/A5024836556', 'https://openalex.org/A5032805931', 'https://openalex.org/A5065682481', 'https://openalex.org/A5040956975', 'https://openalex.org/A5091725873', 'https://openalex.org/A5052835091', 'https://openalex.org/A5008491141', 'https://openalex.org/A5090711131', 'https://openalex.org/A5060796243', 'https://openalex.org/A5024706515', 'https://openalex.org/A5048880066', 'https://openalex.org/A5011547244', 'https://openalex.org/A5071851175', 'https://openalex.org/A5032942685', 'https://openalex.org/A5016257554']",['Environmental DNA Sequencing'],[0.495512],"['https://openalex.org/W1526490425', 'https://openalex.org/W1598044505', 'https://openalex.org/W1864716883', 'https://openalex.org/W1964797108', 'https://openalex.org/W1970042225', 'https://openalex.org/W1981669094', 'https://openalex.org/W1986766963', 'https://openalex.org/W1989568035', 'https://openalex.org/W1992236692', 'https://openalex.org/W2004477171', 'https://openalex.org/W2005311687', 'https://openalex.org/W2018651477', 'https://openalex.org/W2022916922', 'https://openalex.org/W2024848067', 'https://openalex.org/W2027742578', 'https://openalex.org/W2037045595', 'https://openalex.org/W2045044844', 'https://openalex.org/W2059099579', 'https://openalex.org/W2070792578', 'https://openalex.org/W2072339231', 'https://openalex.org/W2084118479', 'https://openalex.org/W2086278272', 'https://openalex.org/W2087676315', 'https://openalex.org/W2092772797', 'https://openalex.org/W2105743310', 'https://openalex.org/W2107337799', 'https://openalex.org/W2109020270', 'https://openalex.org/W2112814753', 'https://openalex.org/W2114970231', 'https://openalex.org/W2120536937', 'https://openalex.org/W2120629724', 'https://openalex.org/W2124866579', 'https://openalex.org/W2125585653', 'https://openalex.org/W2126711065', 'https://openalex.org/W2129990771', 'https://openalex.org/W2133334674', 'https://openalex.org/W2135483781', 'https://openalex.org/W2136406441', 'https://openalex.org/W2137483650', 'https://openalex.org/W2149206894', 'https://openalex.org/W2151899848', 'https://openalex.org/W2155563810', 'https://openalex.org/W2158804703', 'https://openalex.org/W2158804744', 'https://openalex.org/W2158863276', 'https://openalex.org/W2160537483', 'https://openalex.org/W2169123200']","['https://openalex.org/W3144701749', 'https://openalex.org/W2775229688', 'https://openalex.org/W2473184788', 'https://openalex.org/W2470670268', 'https://openalex.org/W2404771437', 'https://openalex.org/W2338569631', 'https://openalex.org/W2321499923', 'https://openalex.org/W2126446897', 'https://openalex.org/W2121654623', 'https://openalex.org/W2046374350']",https://api.openalex.org/works?filter=cites:W2050728650
https://openalex.org/W2886071426,https://doi.org/10.1038/s41598-018-30739-5,Isolation and differential transcriptome of vascular smooth muscle cells and mid-capillary pericytes from the rat brain,"['https://openalex.org/A5009541041', 'https://openalex.org/A5039800176', 'https://openalex.org/A5045463463', 'https://openalex.org/A5010632648', 'https://openalex.org/A5076426659', 'https://openalex.org/A5052835091', 'https://openalex.org/A5004177638', 'https://openalex.org/A5008902944', 'https://openalex.org/A5061052754', 'https://openalex.org/A5036923699', 'https://openalex.org/A5001284001', 'https://openalex.org/A5082432867', 'https://openalex.org/A5020813130']",['Cell Differentiation'],[0.484113],"['https://openalex.org/W1540025214', 'https://openalex.org/W1896761868', 'https://openalex.org/W1913730804', 'https://openalex.org/W1963680784', 'https://openalex.org/W1979283544', 'https://openalex.org/W1983160890', 'https://openalex.org/W1996801852', 'https://openalex.org/W1998099768', 'https://openalex.org/W2001552996', 'https://openalex.org/W2009202141', 'https://openalex.org/W2009375908', 'https://openalex.org/W2052889947', 'https://openalex.org/W2054275187', 'https://openalex.org/W2056856515', 'https://openalex.org/W2060319077', 'https://openalex.org/W2060494280', 'https://openalex.org/W2066190048', 'https://openalex.org/W2073290778', 'https://openalex.org/W2075556735', 'https://openalex.org/W2077124345', 'https://openalex.org/W2077678122', 'https://openalex.org/W2086272423', 'https://openalex.org/W2089798586', 'https://openalex.org/W2091886745', 'https://openalex.org/W2101172768', 'https://openalex.org/W2101722224', 'https://openalex.org/W2104869587', 'https://openalex.org/W2109290881', 'https://openalex.org/W2109845530', 'https://openalex.org/W2110020828', 'https://openalex.org/W2114789645', 'https://openalex.org/W2121822802', 'https://openalex.org/W2130400938', 'https://openalex.org/W2130962254', 'https://openalex.org/W2142177110', 'https://openalex.org/W2142580113', 'https://openalex.org/W2152250062', 'https://openalex.org/W2154462802', 'https://openalex.org/W2158375208', 'https://openalex.org/W2163234334', 'https://openalex.org/W2167679198', 'https://openalex.org/W2179438025', 'https://openalex.org/W2197124664', 'https://openalex.org/W2221886331', 'https://openalex.org/W2315248125', 'https://openalex.org/W2337367858', 'https://openalex.org/W2346070032', 'https://openalex.org/W2399776559', 'https://openalex.org/W2525762723', 'https://openalex.org/W2531568380', 'https://openalex.org/W2536398251', 'https://openalex.org/W2562254730', 'https://openalex.org/W2568498215', 'https://openalex.org/W2592811885', 'https://openalex.org/W2597423760', 'https://openalex.org/W2615918291', 'https://openalex.org/W2763985063', 'https://openalex.org/W2786318872']","['https://openalex.org/W57075880', 'https://openalex.org/W4384700046', 'https://openalex.org/W4205748002', 'https://openalex.org/W4205110748', 'https://openalex.org/W2963981247', 'https://openalex.org/W2888429607', 'https://openalex.org/W2207473598', 'https://openalex.org/W2039789837', 'https://openalex.org/W2024599421', 'https://openalex.org/W1482698585']",https://api.openalex.org/works?filter=cites:W2886071426
https://openalex.org/W2106745617,https://doi.org/10.1128/mcb.22.8.2642-2649.2002,New Insights into the Pleiotropic Drug Resistance Network from Genome-Wide Characterization of the <i>YRR1</i> Transcription Factor Regulation System,"['https://openalex.org/A5052835091', 'https://openalex.org/A5062684374', 'https://openalex.org/A5012222427', 'https://openalex.org/A5051424697', 'https://openalex.org/A5039195342', 'https://openalex.org/A5073621053']",['Gene Editing'],[0.452362],"['https://openalex.org/W1966902958', 'https://openalex.org/W1968129408', 'https://openalex.org/W1971365444', 'https://openalex.org/W1978152532', 'https://openalex.org/W1982006408', 'https://openalex.org/W1992016490', 'https://openalex.org/W2033050778', 'https://openalex.org/W2041086696', 'https://openalex.org/W2041877620', 'https://openalex.org/W2050231834', 'https://openalex.org/W2058610280', 'https://openalex.org/W2058720930', 'https://openalex.org/W2070023944', 'https://openalex.org/W2072152345', 'https://openalex.org/W2085202744', 'https://openalex.org/W2095462096', 'https://openalex.org/W2097382368', 'https://openalex.org/W2107817133', 'https://openalex.org/W2109784202', 'https://openalex.org/W2126944598', 'https://openalex.org/W2141408636', 'https://openalex.org/W2150926065', 'https://openalex.org/W2154391529', 'https://openalex.org/W2158962723', 'https://openalex.org/W2164379560', 'https://openalex.org/W2169764973', 'https://openalex.org/W2331949542']","['https://openalex.org/W3178279768', 'https://openalex.org/W2987420353', 'https://openalex.org/W2773861473', 'https://openalex.org/W2086525401', 'https://openalex.org/W2079327011', 'https://openalex.org/W2053325634', 'https://openalex.org/W2006735166', 'https://openalex.org/W1971903861', 'https://openalex.org/W193851735', 'https://openalex.org/W1491897707']",https://api.openalex.org/works?filter=cites:W2106745617
https://openalex.org/W2160836350,https://doi.org/10.1074/jbc.m610197200,The Central Role of PDR1 in the Foundation of Yeast Drug Resistance,"['https://openalex.org/A5029784657', 'https://openalex.org/A5080746614', 'https://openalex.org/A5012321704', 'https://openalex.org/A5049332632', 'https://openalex.org/A5041158169', 'https://openalex.org/A5052265264', 'https://openalex.org/A5047015739', 'https://openalex.org/A5052835091', 'https://openalex.org/A5058905629', 'https://openalex.org/A5062684374']",['Gene Expression'],[0.468814],"['https://openalex.org/W142148376', 'https://openalex.org/W1494313201', 'https://openalex.org/W1547140628', 'https://openalex.org/W1548439859', 'https://openalex.org/W1552828766', 'https://openalex.org/W1557800963', 'https://openalex.org/W1618975451', 'https://openalex.org/W1639259334', 'https://openalex.org/W1963708893', 'https://openalex.org/W1966072209', 'https://openalex.org/W1966902958', 'https://openalex.org/W1972750701', 'https://openalex.org/W1975361143', 'https://openalex.org/W1976970497', 'https://openalex.org/W1979246102', 'https://openalex.org/W1979973563', 'https://openalex.org/W1985001103', 'https://openalex.org/W1990150397', 'https://openalex.org/W1991290953', 'https://openalex.org/W1991746997', 'https://openalex.org/W2000424161', 'https://openalex.org/W2002933410', 'https://openalex.org/W2003737767', 'https://openalex.org/W2005528479', 'https://openalex.org/W2006472880', 'https://openalex.org/W2015573128', 'https://openalex.org/W2031053624', 'https://openalex.org/W2032758517', 'https://openalex.org/W2046628668', 'https://openalex.org/W2058610280', 'https://openalex.org/W2062867942', 'https://openalex.org/W2070023944', 'https://openalex.org/W2080888441', 'https://openalex.org/W2085202744', 'https://openalex.org/W2085839866', 'https://openalex.org/W2092189842', 'https://openalex.org/W2092601326', 'https://openalex.org/W2092631246', 'https://openalex.org/W2092904290', 'https://openalex.org/W2095462096', 'https://openalex.org/W2096286842', 'https://openalex.org/W2101682408', 'https://openalex.org/W2102585686', 'https://openalex.org/W2104832934', 'https://openalex.org/W2106745617', 'https://openalex.org/W2110551051', 'https://openalex.org/W2112546055', 'https://openalex.org/W2115172705', 'https://openalex.org/W2119811365', 'https://openalex.org/W2126241360', 'https://openalex.org/W2133769209', 'https://openalex.org/W2137683543', 'https://openalex.org/W2140744545', 'https://openalex.org/W2141408636', 'https://openalex.org/W2160591658', 'https://openalex.org/W2163467054', 'https://openalex.org/W2165130891', 'https://openalex.org/W2168157737', 'https://openalex.org/W2169764973', 'https://openalex.org/W2170984819', 'https://openalex.org/W4294107304']","['https://openalex.org/W4234157524', 'https://openalex.org/W2788277189', 'https://openalex.org/W2151865869', 'https://openalex.org/W2130076355', 'https://openalex.org/W2119695867', 'https://openalex.org/W2117258802', 'https://openalex.org/W2082860237', 'https://openalex.org/W2013243191', 'https://openalex.org/W1993764875', 'https://openalex.org/W1990804418']",https://api.openalex.org/works?filter=cites:W2160836350
https://openalex.org/W2751617862,https://doi.org/10.1186/s13068-017-0897-7,Genome sequencing and transcriptome analysis of Trichoderma reesei QM9978 strain reveals a distal chromosome translocation to be responsible for loss of vib1 expression and loss of cellulase induction,"['https://openalex.org/A5022131783', 'https://openalex.org/A5052125335', 'https://openalex.org/A5028683159', 'https://openalex.org/A5036685895', 'https://openalex.org/A5070750713', 'https://openalex.org/A5089883420', 'https://openalex.org/A5052835091', 'https://openalex.org/A5078001342', 'https://openalex.org/A5057025572', 'https://openalex.org/A5052594379']",['Cellulase Enzymes'],[0.497901],"['https://openalex.org/W115123004', 'https://openalex.org/W1451523330', 'https://openalex.org/W1534466411', 'https://openalex.org/W1546354556', 'https://openalex.org/W1581619780', 'https://openalex.org/W1867151512', 'https://openalex.org/W1894976307', 'https://openalex.org/W1970105037', 'https://openalex.org/W1985001103', 'https://openalex.org/W1985252740', 'https://openalex.org/W1987765535', 'https://openalex.org/W1990386520', 'https://openalex.org/W2011218424', 'https://openalex.org/W2014281089', 'https://openalex.org/W2017812898', 'https://openalex.org/W2022734245', 'https://openalex.org/W2023767092', 'https://openalex.org/W2026589666', 'https://openalex.org/W2028168480', 'https://openalex.org/W2030452223', 'https://openalex.org/W2030466608', 'https://openalex.org/W2035053166', 'https://openalex.org/W2035573800', 'https://openalex.org/W2040411205', 'https://openalex.org/W2042617105', 'https://openalex.org/W2047973275', 'https://openalex.org/W2050646440', 'https://openalex.org/W2051047234', 'https://openalex.org/W2056930789', 'https://openalex.org/W2064864420', 'https://openalex.org/W2065817684', 'https://openalex.org/W2068280258', 'https://openalex.org/W2068954041', 'https://openalex.org/W2075743939', 'https://openalex.org/W2075968180', 'https://openalex.org/W2080478696', 'https://openalex.org/W2088804851', 'https://openalex.org/W2089314856', 'https://openalex.org/W2091512138', 'https://openalex.org/W2093476095', 'https://openalex.org/W2094270919', 'https://openalex.org/W2096912857', 'https://openalex.org/W2099259718', 'https://openalex.org/W2100306051', 'https://openalex.org/W2102917874', 'https://openalex.org/W2106387791', 'https://openalex.org/W2108234281', 'https://openalex.org/W2110030125', 'https://openalex.org/W2112766005', 'https://openalex.org/W2113803821', 'https://openalex.org/W2115227196', 'https://openalex.org/W2120814647', 'https://openalex.org/W2124494829', 'https://openalex.org/W2124985265', 'https://openalex.org/W2125137884', 'https://openalex.org/W2127297472', 'https://openalex.org/W2127500237', 'https://openalex.org/W2132089743', 'https://openalex.org/W2141901540', 'https://openalex.org/W2145810513', 'https://openalex.org/W2148041910', 'https://openalex.org/W2152239989', 'https://openalex.org/W2154462802', 'https://openalex.org/W2156426990', 'https://openalex.org/W2157013134', 'https://openalex.org/W2159269304', 'https://openalex.org/W2159964551', 'https://openalex.org/W2163685452', 'https://openalex.org/W2165574256', 'https://openalex.org/W2171555946', 'https://openalex.org/W2206082998', 'https://openalex.org/W2312387418', 'https://openalex.org/W2329425654', 'https://openalex.org/W2511422818', 'https://openalex.org/W2610179691', 'https://openalex.org/W2624877708', 'https://openalex.org/W4237024946']","['https://openalex.org/W2969242412', 'https://openalex.org/W2938363981', 'https://openalex.org/W2913228488', 'https://openalex.org/W2499245761', 'https://openalex.org/W2498987566', 'https://openalex.org/W2062659706', 'https://openalex.org/W2028409276', 'https://openalex.org/W198239722', 'https://openalex.org/W1979162867', 'https://openalex.org/W1965847372']",https://api.openalex.org/works?filter=cites:W2751617862
https://openalex.org/W2163966751,https://doi.org/10.1002/glia.20862,Novel features of boundary cap cells revealed by the analysis of newly identified molecular markers,"['https://openalex.org/A5036660299', 'https://openalex.org/A5052835091', 'https://openalex.org/A5000709073', 'https://openalex.org/A5063077617', 'https://openalex.org/A5050547837', 'https://openalex.org/A5023179672', 'https://openalex.org/A5082917596', 'https://openalex.org/A5079767149', 'https://openalex.org/A5069225949', 'https://openalex.org/A5042223454']",['Cell Signaling'],[0.499246],"['https://openalex.org/W1524671351', 'https://openalex.org/W1565566882', 'https://openalex.org/W157586078', 'https://openalex.org/W1631692643', 'https://openalex.org/W1768274470', 'https://openalex.org/W1934032455', 'https://openalex.org/W1983996634', 'https://openalex.org/W1987402927', 'https://openalex.org/W1996433391', 'https://openalex.org/W2004315199', 'https://openalex.org/W2028934778', 'https://openalex.org/W2055614967', 'https://openalex.org/W2059535615', 'https://openalex.org/W2069849774', 'https://openalex.org/W2071356679', 'https://openalex.org/W2073535111', 'https://openalex.org/W2090002680', 'https://openalex.org/W2092601326', 'https://openalex.org/W2100115224', 'https://openalex.org/W2107277218', 'https://openalex.org/W2112747602', 'https://openalex.org/W2121833147', 'https://openalex.org/W2133885516', 'https://openalex.org/W2146579564', 'https://openalex.org/W2167036751', 'https://openalex.org/W4230527272', 'https://openalex.org/W4253966021', 'https://openalex.org/W4294107304', 'https://openalex.org/W44980188']","['https://openalex.org/W4319870028', 'https://openalex.org/W4244406115', 'https://openalex.org/W3047249592', 'https://openalex.org/W2349029368', 'https://openalex.org/W2100115224', 'https://openalex.org/W2085818575', 'https://openalex.org/W2020993284', 'https://openalex.org/W2019729364', 'https://openalex.org/W2017478350', 'https://openalex.org/W1967251640']",https://api.openalex.org/works?filter=cites:W2163966751
https://openalex.org/W2100306051,https://doi.org/10.1186/s12864-015-1526-0,Genome sequencing of the Trichoderma reesei QM9136 mutant identifies a truncation of the transcriptional regulator XYR1 as the cause for its cellulase-negative phenotype,"['https://openalex.org/A5002401002', 'https://openalex.org/A5052594379', 'https://openalex.org/A5032869331', 'https://openalex.org/A5052835091', 'https://openalex.org/A5070790827', 'https://openalex.org/A5053643030', 'https://openalex.org/A5029197170', 'https://openalex.org/A5007647654', 'https://openalex.org/A5089883420', 'https://openalex.org/A5057025572', 'https://openalex.org/A5070750713', 'https://openalex.org/A5073288256']",['Cellulase Enzymes'],[0.437901],"['https://openalex.org/W1451523330', 'https://openalex.org/W1490966811', 'https://openalex.org/W1534466411', 'https://openalex.org/W1546828876', 'https://openalex.org/W1581619780', 'https://openalex.org/W1881761744', 'https://openalex.org/W1964536505', 'https://openalex.org/W1970054464', 'https://openalex.org/W1980563628', 'https://openalex.org/W1981264193', 'https://openalex.org/W1989722864', 'https://openalex.org/W1999634015', 'https://openalex.org/W2003865229', 'https://openalex.org/W2005095483', 'https://openalex.org/W2017812898', 'https://openalex.org/W2024645073', 'https://openalex.org/W2028168480', 'https://openalex.org/W2030671306', 'https://openalex.org/W2035573800', 'https://openalex.org/W2036069218', 'https://openalex.org/W2036347338', 'https://openalex.org/W2036875488', 'https://openalex.org/W2039862715', 'https://openalex.org/W2041086696', 'https://openalex.org/W2042617105', 'https://openalex.org/W2046808586', 'https://openalex.org/W2046977847', 'https://openalex.org/W2051047234', 'https://openalex.org/W2054447421', 'https://openalex.org/W2060333964', 'https://openalex.org/W2065817684', 'https://openalex.org/W2080478696', 'https://openalex.org/W2088804851', 'https://openalex.org/W2089314856', 'https://openalex.org/W2095151352', 'https://openalex.org/W2096297164', 'https://openalex.org/W2099249565', 'https://openalex.org/W2099763423', 'https://openalex.org/W2104264111', 'https://openalex.org/W2104523295', 'https://openalex.org/W2109418651', 'https://openalex.org/W2112113834', 'https://openalex.org/W2117110650', 'https://openalex.org/W2117255121', 'https://openalex.org/W2118481109', 'https://openalex.org/W2120666374', 'https://openalex.org/W2120814647', 'https://openalex.org/W2121772614', 'https://openalex.org/W2124479692', 'https://openalex.org/W2127161084', 'https://openalex.org/W2127297472', 'https://openalex.org/W2138025836', 'https://openalex.org/W2141885858', 'https://openalex.org/W2149496798', 'https://openalex.org/W2151062046', 'https://openalex.org/W2151564216', 'https://openalex.org/W2153791416', 'https://openalex.org/W2156426990', 'https://openalex.org/W2804007336', 'https://openalex.org/W4244736178', 'https://openalex.org/W4320301318', 'https://openalex.org/W56524974']","['https://openalex.org/W2969242412', 'https://openalex.org/W2938363981', 'https://openalex.org/W2913228488', 'https://openalex.org/W2499245761', 'https://openalex.org/W2498987566', 'https://openalex.org/W2062659706', 'https://openalex.org/W2028409276', 'https://openalex.org/W198239722', 'https://openalex.org/W1979162867', 'https://openalex.org/W1965847372']",https://api.openalex.org/works?filter=cites:W2100306051
https://openalex.org/W1524671351,https://doi.org/10.1186/1471-2105-7-467,Goulphar: rapid access and expertise for standard two-color microarray normalization methods,"['https://openalex.org/A5078001342', 'https://openalex.org/A5036045152', 'https://openalex.org/A5047327833', 'https://openalex.org/A5052835091']",['Normalization'],[0.510648],"['https://openalex.org/W1789015559', 'https://openalex.org/W1970824927', 'https://openalex.org/W1987400169', 'https://openalex.org/W1991320896', 'https://openalex.org/W2013444425', 'https://openalex.org/W2046740637', 'https://openalex.org/W2096037842', 'https://openalex.org/W2100668965', 'https://openalex.org/W2101163066', 'https://openalex.org/W2101641305', 'https://openalex.org/W2104292638', 'https://openalex.org/W2106745617', 'https://openalex.org/W2107989651', 'https://openalex.org/W2141009231', 'https://openalex.org/W2152147743', 'https://openalex.org/W2160697532', 'https://openalex.org/W2163289463', 'https://openalex.org/W2171804472']","['https://openalex.org/W4382068336', 'https://openalex.org/W4235296672', 'https://openalex.org/W2951444558', 'https://openalex.org/W2914550539', 'https://openalex.org/W2135678793', 'https://openalex.org/W2109288169', 'https://openalex.org/W1984036613', 'https://openalex.org/W1594712091', 'https://openalex.org/W1524671351', 'https://openalex.org/W111500385']",https://api.openalex.org/works?filter=cites:W1524671351
https://openalex.org/W2026283092,https://doi.org/10.1093/nar/gkp053,An evaluation of custom microarray applications: the oligonucleotide design challenge,"['https://openalex.org/A5078001342', 'https://openalex.org/A5036045152', 'https://openalex.org/A5052835091']",['Microarray'],[0.521744],"['https://openalex.org/W1502936039', 'https://openalex.org/W1569519434', 'https://openalex.org/W1595877216', 'https://openalex.org/W1767772592', 'https://openalex.org/W1823132353', 'https://openalex.org/W1868544043', 'https://openalex.org/W1933643226', 'https://openalex.org/W1988380385', 'https://openalex.org/W1996423252', 'https://openalex.org/W2001947160', 'https://openalex.org/W2017785114', 'https://openalex.org/W2034313449', 'https://openalex.org/W2052532932', 'https://openalex.org/W2068553262', 'https://openalex.org/W2069062374', 'https://openalex.org/W2097383747', 'https://openalex.org/W2103123883', 'https://openalex.org/W2104944388', 'https://openalex.org/W2105666464', 'https://openalex.org/W2105837518', 'https://openalex.org/W2106888005', 'https://openalex.org/W2111933532', 'https://openalex.org/W2114716657', 'https://openalex.org/W2118782342', 'https://openalex.org/W2121096510', 'https://openalex.org/W2121668935', 'https://openalex.org/W2122082071', 'https://openalex.org/W2123100813', 'https://openalex.org/W2124464500', 'https://openalex.org/W2130238663', 'https://openalex.org/W2131106071', 'https://openalex.org/W2131980582', 'https://openalex.org/W2132285289', 'https://openalex.org/W2133583181', 'https://openalex.org/W2134883392', 'https://openalex.org/W2135995702', 'https://openalex.org/W2138755250', 'https://openalex.org/W2140558049', 'https://openalex.org/W2141157874', 'https://openalex.org/W2142599475', 'https://openalex.org/W2143856589', 'https://openalex.org/W2145314005', 'https://openalex.org/W2148237482', 'https://openalex.org/W2153917187', 'https://openalex.org/W2156187471', 'https://openalex.org/W2156922349', 'https://openalex.org/W2158799647', 'https://openalex.org/W2158874082', 'https://openalex.org/W2161115415', 'https://openalex.org/W2162595238', 'https://openalex.org/W2167114408', 'https://openalex.org/W2171396485', 'https://openalex.org/W2400250419']","['https://openalex.org/W4382618745', 'https://openalex.org/W2885125400', 'https://openalex.org/W2748922771', 'https://openalex.org/W2595172197', 'https://openalex.org/W2127970246', 'https://openalex.org/W2084856301', 'https://openalex.org/W1989889224', 'https://openalex.org/W1987128138', 'https://openalex.org/W1657880117', 'https://openalex.org/W1001352512']",https://api.openalex.org/works?filter=cites:W2026283092
